usuario	comentario
Nicholas Zajaropulos	Este doctor es excelente, centrado, equilibrado, honesto etc., cualidades que escasean lamentablemente en muchos que est√°n a cargo de actividades importantes en nuestro pa√≠s.\
Felicitaciones doctor.
leonel alvarez	A robar a robar que el mundo se va acabar politicos, empresarios, lideres cristianos , fuerzas armada chuuuuu Dios nos libre de estos abarientos y mafiosos
Elsa andrea Quidel mu√±os	El amor al dinero es la ra√≠z de todos los males
leonel alvarez	Se√±or Duran ud no cree en Dios solo le interesa el dinero y buscaba la oportunidad hace muchos a√±os
Karlos De La Oz	G√°latas 6: 7\
 No os enga√±√©is; Dios no puede ser burlado: pues todo lo que el hombre sembrare, eso tambi√©n segar√°.
Yanko Castillo	ademas de gui√±a....el obispo Dur√°n sali√≥ caliente....misch
Mariela Garcia	BIEN X LA ACLARACION NO SON TODAS NO HAY RECASAMIENTO NI SEVENDE EL EVANGELIO
osvaldo simon bruna rojas	Muy bien la aclaraci√≥n de parte del expositor experto.
Pedro Valenzuela	ojo que el problema no lo tiene la Iglesia Evangelica....lo tiene Duran y SU administracion nefasta....OJO
DUKE	Interesante diagn√≥stico del expositor,\
Pero hay que advertir que los hermanos evang√©licos han crecido y mantenido fiel a ser testigos de la Palabra entre los m√°s pobres. Es digno y noble de destacar
Cristian Fuentes Mardones	Periodistas desinform√°ndo a la audiencia!   Prep√°rense un poco m√°s antes de hacer su trabajo, hoy la informaci√≥n est√° accesible para todos.  Por suerte entrevistan a alguien informado.
victor jesus rojas gamboa	A duran debieran mandarlo a leer las escrituras nuevamente, esencialmente la primera √©pistola de timoteo
Maricel Vargas	Humberto Lagos ,un caballero coherente , equilibrado , cada ves que le escucho solo aumenta mi saber .
Claudio Peres	Hay se metio el diablo. A la catedral evang√©lica.
Pablo Tarso	¬°¬°¬° Dios NO puede ser burlado, ni su Palabra quebrantada. !!!\
\
\
\
1Ti.6.3. \"Si alguno ense√±a otra cosa, y no se conforma a las sanas palabras de\
\
nuestro Se√±or Jesucristo, y a la doctrina que es conforme a la piedad,\
\
1Ti.6.4. est√° envanecido, nada sabe, y delira acerca de cuestiones y contiendas de\
\
palabras, de las cuales nacen envidias, pleitos, blasfemias, malas\
\
sospechas,\
\
1Ti.6.5. disputas necias de hombres corruptos de entendimiento y privados de la\
\
verdad, que toman la piedad como fuente de ganancia; ap√°rtate de los\
\
tales.\
\
1Ti.6.6. Pero gran ganancia es la piedad acompa√±ada de contentamiento;\
\
1Ti.6.7. porque nada hemos tra√≠do a este mundo, y sin duda nada podremos sacar.\
\
1Ti.6.8. As√≠ que, teniendo sustento y abrigo, estemos contentos con esto.\
\
1Ti.6.9. Porque los que quieren enriquecerse caen en tentaci√≥n y lazo, y en\
\
muchas codicias necias y da√±osas, que hunden a los hombres en\
\
destrucci√≥n y perdici√≥n;\
\
1Ti.6.10. porque ra√≠z de todos los males es el amor al dinero, el cual codiciando\
\
algunos, se extraviaron de la fe, y fueron traspasados de muchos dolores.\
\
1Ti.6.11. Mas t√∫, oh hombre de Dios, huye de estas cosas, y sigue la justicia, la\
\
piedad, la fe, el amor, la paciencia, la mansedumbre.\"\
\
\
\
1Ti.3.1. \"Palabra fiel: Si alguno anhela obispado, buena obra desea.\
\
1Ti.3.2. Pero es necesario que el obispo sea irreprensible, marido de una sola\
\
mujer, sobrio, prudente, decoroso, hospedador, apto para ense√±ar;\
\
1Ti.3.3. no dado al vino, no pendenciero, no codicioso de ganancias deshonestas,\
\
sino amable, apacible, no avaro;\
\
1Ti.3.4. que gobierne bien su casa, que tenga a sus hijos en sujeci√≥n con toda\
\
honestidad\
\
1Ti.3.5. (pues el que no sabe gobernar su propia casa, ¬øc√≥mo cuidar√° de la iglesia\
\
de Dios?);\
\
1Ti.3.6. no un ne√≥fito, no sea que envaneci√©ndose caiga en la condenaci√≥n del\
\
diablo.\
\
1Ti.3.7. Tambi√©n es necesario que tenga buen testimonio de los de afuera, para\
\
que no caiga en descr√©dito y en lazo del diablo.\"\
\
\
\
¬°¬°¬° MARANATHAAA .......... CRISTO VIENEEE .......... ALELUYAAA .......... AMENNN !!!
Ate Cra	Excelente entrevistado, muy objetivo
Jean Naej	Muy buena aclara ion hizo el entrevistado ,aprendan
Sim√≥n Abdala Meneses	Jam√°s pens√© que dir√≠a esto: \"muy bien Lagos\".
neketech	Esa es la razon por la cual el tedeum deberia hacerse en otra iglesia evangelica
Erwin Redimi2	Este mismo abuso lo est√°n haciendo todos los autonombrados ap√≥stoles en todo chile. Investiguen en Iquique, Antofagasta, concepcion, etc. El problema es que no ense√±an la escrituras y abusan como lo hizo Duran.
Alejandra Andrea Guerrero Guajardo	Se pas√≥ , que se√±or m√°s preparado excelente explicaci√≥n.
Miguel Quiniao	Ya no se puede confiar en nadie.
Cristionur fiu	El deseo de Hoover no fue este \
un grupo de pastores chilenos quiso un pastor que fuera chileno a la cabeza y no un pastor gringo...\
El amor al dinero es la ra√≠z de todos los males\
\
\
\
\
El amor
Johan Siegfried B√ºrk Guti√©rrez	Seco el Doc ! Un 7
Gonzalo Mu√±oz	Excelente este siervo clarito para explicar el caso.
Johanna Adam Fern√°ndez	Archiverg√ºenza me da este tema.
Norma Fuentes	creo que todo pesa el aserse rico acosta de los hermanos  deja a todos mal
C√°rl√≥√ü Barah√≥na T√≥ledo	Que poco natural el periodista!!!
mar√≠a graciela colill√°n quilaquir	Es corta la\
 Respuesta Tiene que renunciar a todo cargo dentro de la iglesia.Y luego arrepentirse de todo sus pecados.
laurencio schaaf	El gobierno tiene 5 mil millones reservados para esta iglesia . Que verg√ºenza .
Drum 4Fun	No soy evangelico, pero me imag√≠no que los verdaderos Cristianos de esa f√© estar√°n perplejos y muy desilucionados. Hay gente buena y mala en todos lados, lo que molesta es que el mundo resalta y glorifica lo malo, y lo bueno que se hace nadie lo toma en cuenta.
Jorge Araneda	Y otra cosa no solo es el adulterio de don Eduardo Dur√°n, sino lo avaro, y otras cosas que la palabra de DIOS exige de un obispo
Marcus Seid	Renunciar√° PINPON?
ancan2121	Un excelente an√°lisis
luis riquelme mu√±oz	En vez de tomar la opini√≥n que es v√°lida de un doctor en sociolog√≠a deber an tener all√≠ a un abogado o experto en el temas de delitos financieros y evasi√≥n de impuestos
linda nueva	Cu√°l iglesia? Jesucristo no dej√≥ ninguna iglesia. Lo dem√°s es pura estafa.
Herbet Jaque	Pero por qu√© pusieron a Pinpon de obispo??
germanico	SE ACABARAN LAS  PIEDRAS  PERO  LOS  GILES   NO  ...LE  SEGUIRAN  DANDO  PLATA  ..AL  QUE VENGA... NO  HAY  CASO.......
roberto elias sepulveda ocares	LOS FRAUDECOSTALES  !!!
oscar franzini	VIEJO HUEVON CALIENTE, Y BUENO PARA LA RAPI√ëA, Y EL HIJO IDEM.
Tatiana Sanchez	El evangelio poder potencia de Dios
Luis Zaldivar	Obispo Duran...hable con Dios para fulminar a todos sus detractores....jajajajaja
Alfonso Geoffroy	Hay que socorrida la frase: Dios me puso aqu√≠...este Duran es heredero de Javier Vasquez el iniciador de la  corrupcion junto a su familia sobre todo Jorge Vasquez que se hizo una iglesia propia en Maipu a un costo de 10 millones de dolares...Duran era el tesorero de Javier Vasquez ahi aprendio a robar ...buena dupla
Carmen Mar√≠a G√≥mez Gonz√°lez	Un Zaqueo sin encuentro con Jesus del pueblo!
Maria Hidalgo	La mejor decisi√≥n de TVN es poner un periodista como este en la conducci√≥n es muy claro
Antonio Jarufe	Care raja , sinvervenza y ladron como el 99% de estos llamados pastores , rabinos, sasersotes son todos unos HDP
Mar√≠a Ver√≥nica Millapi Cea	As√≠ como est√°n las iglesias corruptas igualmente est√° la sociedad
Alfonso Geoffroy	El problema aunque sea duro en lo que dir√©: es la ignorancia del mundo evang√©lico en pleno  o tienen idea en leer la Biblia y ser capaces de comprenderla, cualquiera les mete el dedo en la boca
Margarita Urz√∫a	Viego califa ni se la puede vaa tener que tomar Viagra  para. Tantas.mujeresjaja. Bueno plata   le sobra. Para.  Co.mprar
Maritza Cortez Navea	12
Ignacio Cardenas	qu dice   SII   o se mantine  enficaz  en excpcion de impuesto ,  es la punta del ysber   con instituciones que se aprovechan ,
violeta lagos	Hay que cobrar los lugares de las iglesias.
Juan P	Ser creyente no quita lo caliente
Negan Crowley	Un capo el se√±or Duran, me gustar√≠a ser como √©l jajajaj. Pondr√© una iglesia canuta y cobrar√© el diezmo, est√° el chancho tirao
Alfredo Mu√±oz	Que clarito profesor Humberto largos excelente
Carlos Gomez	La crisis de la iglesia metodista pentecostal
sergio perez	Este viejo maldito se casara con mar√≠a magdalena y judas ser√° su testigo
Cecilia Lastra	Y QUE DEVUELVA TODO EL DINERO!!HAY TANTAS PERSONAS A QUIEN AYUDAR EN SU MISMA IGLESIA.
Juan Araya	Todos vamos a pagar lo que asemos unos m√°s unos menos pero se paga ojo
marco manrriquez	Este (pastor) y su iglesia, es una peke≈àa ramera que gobierna con babilonia la grande, solo vean la construcci√≥n del templo y los actos delos ( pastores hay)
Luz Queda	Evang√©lica?? O la unci√≥n cat√≥lica!!!
amador Ocampo San Cristobal	Tedeun, en latin, significa \"te damos\" y qu√© danos a DIOS?  naturalmente, Gracias. Por lo tanto son la misma cosa. Cat√≥licos y protestantes damos gracias, solo que estos √∫ltimos no usan el latin.
Jose Francisco	Legalmente un pastor puede comprar a su nombre en lugar de la organizaci√≥n que representa ..?
Moises Fernandez	Pinochet es evangelico !
Sebastian Gonzalez	Humberto Lagos, llevo la voz cantante para que Maiden no entrara a Chile por \"Sat√°nicos\"
TrollinTrolled666	Si yo fuera canuto, no le dar√≠a un duro a estos pastores. Si quieren dinero, que trabajen como todos sus fieles.
Miguel Angel Ortiz Pinilla	El pastor Dur√°n nunca fue obispo
Jean carlo navatro	Salio culion el obispo
palabra viva !!!	La iglesia  de Cristo no esta en crisis es la metodista que tiene su problema no todos . Ojo con eso . A nosotros nunka nos reoresento!!! .
Ruth Shalom4	Y siguen con este tema. Cuantos pol√≠ticos lo hacen?  Averig√ºen y hagan seguimiento.
Daniel Fa√∫ndez	Esta t√≥nica ,es bien f√°cil de ver ,se da en la mayor√≠a de las iglesias evang√©licas , todos los pastores tienen cuentas corrientes con millones de pesos adem√°s de propiedades . Juegan con la fe de las personas
Ricardo Venegas	ese viejo duran tiene un Esp√≠ritu Enga√±ador.
Sonia Aguilar	Ese  pastor Duran  es id√©ntico  a PEPE ANT√ÅRTICO JAJAJAJ
gloria valdebenito	Bien dicho..no es la Iglesia evangelica.....estan equivocados...es una parte de la Iglesia pentecostal...
Samuel Ortiz	\"  Quienes  creen  que  el  DINERO   lo  hace  TODO ,  terminan   haciendo   todo   por   DINERO  \"     Voltaire
Moises Fernandez	Los diezmos son voluntarios y no robo de impuestos como hizo Bachele
Amelia Calderon	Saquen a este tipo Duran....necesitamos gente honesta...no sin verg√ºenzas..... cuantos miles ha aprovechado....la √∫nica forma de evitar que otros hagan lo mismo es no dar su dinero a estos parasitos que no le trabajan un dia a nadie....Que hagan una campa√±a para que la gente abran sus ojos ...den! pero den al pobre ., al necesitado....al que no tiene...al que sufre de hambre.....Mi madre en Chile va a una iglesia evang√©lica....ella es viuda....y co que sacrificio tb da este diezmo...que es una cadena....que al final llega a manos de este viejo sin escr√∫pulos .Me indigna esta noticia.....
impusojoven madriddelicias	Dinero queremos todos pero nadie dise peco ante Dios que es lo m√°s importante solo se asustan por la plata como si el fuera millonario
Carmen Montenegro	Arrepientas y su hijo no olvide k tiene nietos se retiran de ellos Ud es ladr√≥n adulterio k testimonio tiene uf k verg√ºenza.
violeta lagos	Ese personaje es un Corruptos,  o\
Son todas las religiones derivados. De cat√≥licas Corruptos
Aida santander verdugo	los estafados , merecido lo tienen por no estudiar los libros codificados\
\
üå∫\"Ten presente que los Esp√≠ritus buenos s√≥lo asisten a quienes sirven a Dios con humildad y desinter√©s, mientras que repudian a los que buscan en la senda del Cielo un escal√≥n para las cosas de la Tierra. Los Esp√≠ritus buenos se apartan de los orgullosos tanto como de los ambiciosos. El orgullo y la ambici√≥n siempre constituir√°n una barrera entre el hombre y Dios: son un velo que empa√±a las claridades celestiales, y Dios no puede servirse del ciego para\
que se comprenda la luz\".. üå∫
mar√≠a graciela colill√°n quilaquir	La palabra de Dios se  tranza ni se vende as√≠ que no se sientan mal cuando le dicen la verdad.
yas 21	Insisten en meter a todos en la misma bolsa es lo mismo que decir que el hermano del presidente es corrupto solo por el hecho de ser familia.\
Suena hasta discriminativo.
Angel clemente Sarmiento zurita	Zzz
alonso rivas	La    pelicula  el    padrino ,  pero  en  la  realidad  ;   el  obispo  Duran   seria   Don  Corleone .
Alfonso Gonzalez	Un intelectual el doctor ,bien informado y aclarando a los dos periodista ...
Angel Hernandez	Lo exigen dr√°sticamente sino llueven las maldiciones,no tienen un criterio de piedad
luzmira almonacid low	J
Angel Hernandez	Hacen lo que quieren y exigen lo ellos no hacen hipocres√≠a de alto nivel
Sonia Cartes	Que pena que pena se me. Cae la cara de verg√ºenza  que le Eterno tenga compasi√≥n de estos cara de palo
Carlos Gomez	Dios traera a juicio a los hombres, para avergonzar la carne
Jorge Araneda	La verdad hay algunos l√≠deres vendidos a la pol√≠tica dentro del mundo evang√©lico, pero no representan a los verdaderos cristianos evangelicos, lo que se puede resaltar de lo que dijo don Humberto es que no pueden hablar de los evangelicos, sino de una denominaci√≥n en particular,
carlos antonio tejero aviles	El libro de Malaqu√≠as, comienza dirigi√©ndose al pueblo de Israel.Ellos deb√≠an diezmar y no era dinero.\
Sobre las otras naciones, la biblia no dice nada acerca de diezmar.\
En el nuevo testamento, no se ve a Jes√∫s diezmando.\
El apostol Pablo trabajaba haciendo tiendas, para no ser graboso a nadie, seg√∫n dec√≠a.\
El diezmo hoy, es exigido por seudopastores sinverguenzas, cuyo √∫nico fin es enriquecerse a costa de sus ovejas y cuyo corazon solo est√° lleno de la raiz de todos los males, el amor al dinero.
Freddy Ortiz	Especifique por favor,  es la Iglesia Metodista Pentecostal.
javier leyton	Al final todo es  lucas.... nadie se salva...ni nadie es inmune a las lucas...
Luis Zaldivar	Dieron 70 millones a Ivan Moreira...
Jorge Fernando Albornoz D√≠az	Sr. Lagos, el asunto del dinero tambi√©n es cuesti√≥n √©tico, y hace harto ruido.
JF RV	3000 poh wn... y cada una tiene la raz√≥n
Titi¬Æ	No es \"la iglesia evang√©lica\",como dice este periodista.\
Es s√≥lo un sector peque√±o,as√≠ que no generalicen e inf√≥rmense antes de hablar de esta noticia.\
Sepan que est√° conducta no es la realidad de los evang√©licos de Chile.\
El obispo Dur√°n es un ladr√≥n, mentiroso y ad√∫ltero, seg√∫n la doctrina que indica la Biblia, que √©l eligi√≥ representar de alguna forma en Jotabeche.
Claudia Medell	Yo opino que le quiten todo el dinero al mafioso de Eduardo Dur√°n y lo donen a todas las compa√±√≠as de bomberos de Chile que bastante lo necesitan,mis respetos para ellos, mendigando una moneda con fr√≠o,con calor para comprar sus implementos y este viejo codicioso gastando a manos llenas lo ajeno üòé
Eduardo Lagunas Elgueta	Humberto Lagos fue el co responsable de que Iron Maiden no pudiera ingresar a Chile por sat√°nicos, que verg√ºenza. √âl aconsej√≥ al gobierno de Aylwin de ello.  Que mediocre
Charles Russell	Los Pastores deber√≠an formar Un Comit√© Judicial de 5 miembros permanentes mediante votaci√≥n popular y mediante ese Instrumento impedir que las Iglesias sean pervertidas por los falsos pastores.
virginia Song	Ningun hombre es fiel!!ni los curas! Lo digo con base!!el hermano de mi abuela,era cura,y colgo la sotana,para casarse!!y tuvo 12 hijos.y todos somos codisiosos!!y este vuejo vio la oportunidad! Y la codicia  le gano!!y se cree lindo y poderoso!!e iresistible! Y no sabe que las amantes que tiene,solo le sacan plata!!porque el viejo es asqueroso!!!wakala!!ü§Æü§Æü§Æüò°üò°
impusojoven madriddelicias	Que alguien que no le guste el dinero tire la primera piedra .jajaja nadie puede porque a todos les gusta la plata
The Beatles	Todo ese dinero que tiene ese tipo ,que se dice llamar Pastor.se deber√≠a dejar para lo que dice la biblia \
Ayudar a los hu√©rfanos y viudas  de la iglesia que no tienen recursos .\
Para ayudar a los pobres!!...\
Pero lo claro es que el dinero No es de El\
\
Ahora vemos que el Dios del pastorcito es el mismo de la Bachelet el Dinero.
Ramon Cardoza	No tengo educaci√≥n . No termine la ense√±anza b√°sica. Me propongo como obispo . Puedo mentir ,robar, ser sin verg√ºenza y no le rindo a nadie . Creo y estoy seguro que seria un buen obispo . Pongo mi ignorancia al servicio de los evang√©licos mediocres y tibios . Dejen de bailar , hacer mala m√∫sica , vivir como el mundo y vuelvan a la sana doctrina para que tengan sabidur√≠a y puedan cortar los yugos que los exclavisan a estos hombres que no tienen nada de seguidores de nuestro se√±or Jesucristo. Verdadero amo y se√±or de nuestras vidas . Y que vendr√° pronto en el d√≠a grande de su manifestaci√≥n . Amen
Enoc monsalve parra	No lo conozco pero se nota que es experto en el tema ,no sesgado ,muy imparcial ,que aquellos l√≠deres de esa denominaci√≥n son ladrones si,que han cometido falta √©tico moral si,que no aplican modelo b√≠blico si,pero es la generalidad de las iglesias protestantes hist√≥ricas como luteranas ,anglicanas ,reformada del cual soy parte y nos averg√ºenza lo que realizan las iglesias pentecostales,por falta de rigor educacional b√≠blico ,nosotros como iglesia reformada estamos pendientes de los que no tienen trabajo ,inmigrantes ,adem√°s de la contenci√≥n espiritual ,visita a carceles,hospitales etc ,pero es bueno que esto suceda para que se norme y se reformen en funci√≥n de que sean aporte a la sociedad en ciudadanos de bien .
Monica Sepulveda	Bueno ahora se est√° destapando la olla.y q dicen del Papa q vive en un lugar envuelto en oro????? Hay q puro habrir los ojos.ese se√±or tambi√©n debiera ser despojado de tantas riquezas si dicen estar reemplazando al Sr Jes√∫s ac√° en la tierra.el no estuvo rodeado de lujos ni siquiera naci√≥ con lujos o sea su ejemplo fue de humildad.
Jesus Alan Hernandez Rostro	Me sorprende como el noticiero all√° en chile le toman m√°s importancia a las iglesias cristianas evang√©licas, ac√° en M√©xico la √∫nica que vale, la √∫nica que importa, la √∫nica oficial es la iglesia cat√≥lica, de ah√≠ para all√° todas son solo protestantes, clandestinas, seg√∫n el gobierno.
Cristi√°n G Malebr√°n	‚Äò4:00  El se√±or Lagos se equivoca en un punto. El acto (divorcio y nuevo matrimonio) dice que no es aceptado por tradici√≥n por las iglesias pentecostales. Pero no es aceptado b√≠blicamente por Dios, y el ap√≥stol Pablo lo menciona. Y es un requisito ser esposo de una sola mujer para tener el cargo que el ap√≥stol menciona en la carta que env√≠o a Timoteo, y este requisito es v√°lido para ser pastor, anciano o di√°cono, o cualquier cargo ministerial (cargo de servicio) en la iglesia.  Quiero aclarar que al decir que Humberto Lagos se equivoca, no quiero decir que es un mentiroso o ignorante . Este se√±or es una persona muy respetada y con mucha inteligencia y sabidur√≠a.
Moises Fernandez	Lagos Izcariotes , judas como te pagan la izquierda marxista enemiga de Dios !!!
Alejandro Jose Morales Pradena	losdiesmo no son para lospastores y obispo  ay de lospastores que comol de lalala de las  ovejas
Eliu Torbellino	Tan distinto y lejano a nuestro hermano apostol Pablo, quien nos dijo, con toda autoridad y limpia conciencia (como solia escribir):\
\"Esta es mi gloria, que predicando el evangelio lo haga gratuitamente\".\
Aleluya!!\
Pues Dios, dice, no es deudor de nadie. \
Y si alguien CREE que sirve REALMENTE A DIOS, pues porque debiera preocuparse por las necesidades que preocupan o se afanan los gentiles??\
\"Todas estas cosas buscan los gentiles\", dijo Jes√∫s. \
Asi q: \"en primer lugar busquen el Reino y SU JUSTICIA (en el reino hay justicia), y estas cosas os seran a√±adidas\".\
Ciegos guias de ciegos! \
Pero Dios es fiel y \"conoce al Se√±or a los que son suyos, y ap√°rtese de iniquidad todo aquel que invoca el nombre del Se√±or\".
Javier Rosales	Me da risa los evangelicos son muy cara nalga da lo mismo los millones a pero si se divorcia ah√≠ se enojan son muy wns
Catalina Mesones Bravo	Amigos jesus jamas ubiera querido que pasara esto  pero como somos humanos cometemos muchos errores sigamos a cristo el  no ense√±o religion sino un metodo de vida el si es perfecto y no metamos a todos los cristianos en un mismo saco vendiciones para todos
laurencio schaaf	Atenci√≥n a esta entrevista y la plata reservada del gobierno para esta iglesia . Incre√≠ble
Claudio Peres	Los diezmos no son obligatorios el hermano que quiere los da. Y jesus dice en el nuevo testamento dar como Dios ponga en el coraz√≥n
Andr√©s M.C.	No es la iglesia evang√©lica, es esa iglesia evang√©lica. El castigo a ese charlat√°n debe ser ejemplar, no como la cat√≥lica que encubre las aberraciones m√°s grandes. Que los verdaderos evang√©licos demuestren que es corregir una mala situaci√≥n como la de ese charlat√°n.
Isabel mendes	ES   MUY   ACALORADO    EL\
OVISPO   KE   COSA   CALIENTE\
LOS   CURA   CALIENTE  LOS\
EVANJELICOS  ADONDE   BAMOS\
A  LLEGAR    CON   TANTA\
CALENTURAü§£ü§£ü§£ü§£ü§£ü§£
Angel Hernandez	Es una verdadera mafia que tragiverso las ense√±anzas de las escrituras sujetando a la iglesia a la ley,no a la gracia del nuevo pacto,amar√°s a tu pr√≥jimo como a ti mismo,
Alejandro Jose Morales Pradena	perdole esa noes la iglecias evaljelica
Jose Ignacio Catalan	Humberto Lagos no hables m√°s... viejo rid√≠culo.,... te acuerdas de Maiden 92 ? ...  lo importante aqu√≠ es destruir todas las iglesias, son el cancer del mundo.
Ricardo Alonso	NO ES LA HIGLECIA EVANGELICA) , NO VIVEN SOLOS, SOMOS MILLONES ,
copernico	viene una nueva religion se llama satanismo iluminati  y ellos destruir√°n a la iglesia cat√≥lica y de pasada las dem√°s
Moises Avalos Mora	Por eso yo no creo en el pastor duran, yo creo en el profeta de pe√±alolen que vivia hechando cacha o en mi pastor CID. que hacia llover oro. que lastima que los dos esten preso....je je je
hector azocar santoro	El diezmo es una de las mas grandes sinverg√ºenzuras impuesta por satan√°s. \
\
El Diezmo fue instituido al pueblo de Israel como el impuesto para desarrollo como naci√≥n y bien com√∫n (nosotros pagamos un 20 % de impuestos, as√≠ que el diezmo no es una exigencia). Esto lo aprend√≠ de los Testigos de Jehov√° (no soy TJ, pero me gusta la manera de razonar que tienen). \
\
Los TJ aplican 2 Corintios 9:7 (cada uno colabora con lo que su coraz√≥n le diga y no por imposici√≥n). \
\
Los Testigos de Jehova dicen que son unos frescos, los que se aprovechan de la Biblia para estrujar a sus  seguidores y enriquecerse  vergonzosamente. \
\
Los TJ acusan de pecado contra el Espiritu Santo, los que comenten estos actos que usan el nombre de Jes√∫s para robar por conciencia a los desesperanzados y que tienen necesidad espiritual.\
\
Por eso creo que la Biblia habla de un d√≠a de ira, donde el Creador har√° justicia y nadie se librara o podr√° alegar inocencia.\
\
Estamos en un periodo de observaci√≥n, donde todos nuestros actos est√°n siendo grabados para bien o para mal, respecto al juicio que el Juez Justo, dictara teniendo todas las pruebas, sin testigos falsos.
guillermo osses	Mentira, la se√±ora Bachelet. Estaba en contra de la libertad de culto...y a√∫n est√° en contra. Y es un derecho humano el tener y practicar la f√©....
impusojoven madriddelicias	Por mi que se fueran todos los cat√≥licos al infierno se lo merecen por hocicones e hipocritas
impusojoven madriddelicias	Jajajaja .me da risa los comentarios seamos sinceros si a todos nos gusta la plata y tamos todos envidiosos y de fijan solo en plata plata y plata por qu√© a todos les importa eso y todos andamos hambriados por plata .est√°n todos envidiosos x que todos quieren tener lo que el tiene
Ivan Augsburger	Lo pero que enga√±an a los evang√©lico que son personas nobles e inocentes.....
Rodrigo Vasquez	PARA INFORMACI√ìN DE TODOS LOS QUE HABLAN IGNORANDO LA PROFUNDIDAD DE LOS HECHOS , LA IGLESIA EVANG√âLICA FUE INFILTRADA HACE MUCHOS A√ëOS POR LA GRAN RAMERA CAT√ìLICA ROMANA , PARA DESPRESTIGIAR A NUESTRA IGLESIA POR EL EXODO MASIVO DE FIELES CATOLICOS A LA IGLESIA VERDADERA , POR ESO USTEDES VEN PERMANENTEMENTE A LIDERES \"EVANG√âLICOS\" METIDOS EN ESCANDALOS Y DANDO MAL TESTIM√ìNIO PORQUE ES LA UNICA MANERA DE CONTRARESTAR SU DECADENCIA A CAUSA DE LA PEDOFILIA PRACTICADA POR SUS FALSOS SACERDOTES QUE POR LO DEM√ÅS ! NO SON BIBLICOS !!!\
JESUCRISTO ABOLI√ì ESOS TIPOS DE SACERDOCIOS ( lean Hebreos 7 ) \
POR LO TANTO TODO LO QUE SE PRACTICA EN LA IGLESIA CAT√ìLICA ES FALSO !\
EL ROSARIO ! \
NO EST√Å EN LA BIBLIA .\
EL AGUA BENDITA !\
GREGORIANA \
BAUTISMAL\
O COMUN !\
NO EST√Å EN LA BIBLIA .\
CONFESAR PECADOS A OTRO SER HUMANO !\
NO EST√Å EN LA BIBLIA.\
EL PAPADO!\
NO EST√Å EN LA BIBLIA.\
EL LIMBO !\
NO EST√Å EN LA BIBLIA .\
Y AS√ç !\
TODO LO QUE PRACTICAN ES FALSO.
Sergio Vargas	Dios nos libre de los creyentes en dios.
carmen vasquez gonzalez	\" No puede existir un pastor rico y ovejas pobres. \"   \" No puede haber un pastor satisfecho\
\" y ovejas hambrientas eso significa que no aman a sus ovejas. \"\
\"  Si todos los pastores cristianos no son capaces de imitarme en mis ejemplos de amor\
\"  y sencillez y prefieren los honores, los t√≠tulos y las cuentas bancarias, las comodidades\
\"  y las diversiones,.QUE NO SE DIGAN CRISTIANOS,  ¬° POR  FAVOR !  \"\
NO SE PUEDE PREDICAR EL AMOR EXPRIMIENDO AL PUEBLO A DAR LO POCO QUE\
TIENE \"  Palabras de JES√öS refiri√©ndose  a l√≠deres pseudo espirituales. Cumpliendo su\
promesa de hablarnos claramente (Juan 16.12 y 16.25)  desde el 18 de Septiembre de\
1981 JES√öS dicta sus √∫ltimos mensajes PARA TODA LA HUMANIDAD, CREAN EN EL\
O  NO a una chilena Mercedes Miranda para que por fin CUMPLAMOS TODOS  SU\
MANDAMIENTO DE AMOR.   (AMEN  EN  FORMA  CONSCIENTE A CADA PERSONA\
LA CONOZCA USTED O NO DICIENDO CON GRAN FUERZA INTERIOR Y EN SILENCIO\
    ¬° TE  AMO \"   NO CAMBIEN  ¬° TE AMO !  POR  NINGUNA  OTRA  PALABRA.)\
AL AMARNOS TODOS LOS UNOS A LOS OTROS terminaremos para siempre CON EL\
MUNDO DE LA MENTIRA, DE LA BARBARIE, DE LA CORRUPCI√ìN  Y  DEL  EGO√çSMO,\
sin derramar una gota de sangre, sin divisiones, sin discriminar  y sin pasar a llevar a\
nadie.
Carlos Toro	Todas las religiones son unas sectas por eso que yo soy satanico
Ignacio Cardenas	tambien el  SII  el servicio de impuesto interno NO CONTROLA LA EXCEPCI√ìN TRIBUTARIA  Y NO HA DADO RESPUESTA  ESTO ES LA PUNTA DE YSBER ,DE MUCHAS INSTITUCIONES QUE REBAJAN EXCEPCI√ìN DE  IMPUESTO.EN CHILE          SII DEBE DAR RESPUESTA.  ES DINERO DE TODO LOS CHILENOS
Carmen Gonzalez Telles	Vejo chanta corrupto mentiroso  arrpienete
Evo Melgarejo	El problema que estos pastores chilenos se codearon con iglesias de los estados unidos , alla la fe es un negocio, unas empresas de la fe a Dios ...los obispos  predicadores y pastores gringos son millonarios y cualquiera puede comprar un cargo de pastor  en las miles de iglesias evangelicas de ese pais , y pedirle dinero a sus fieles .... la diferencia es que antes los pastores eran humildes y muy pobres en chile y ahora los politicos los usan para  sus campa√±as politicas y obtener votos.......üòéüòéüòéüòéüòé
yoyato	Hemanos evangelicos,NO HAY DIEZMO ojo la biblia dice\" cada uno propuso como de en su coraz√≥n\",lo otro esta en el antig√ºo testamento,ley Mozaica.pero a los Huevones hay que dejarlos, ojal√° no vuelen para que no se  haga de noche si√©ndo  de d√≠a
carlos toro	Me parece que en este caso, el Obispo duran est√° adquiriendo bienes incorpor√°ndolos a su patrimonio personal, con dineros provenientes de la Iglesia Pentecostal;  que exceden su sueldo. Debe renunciar a su cargo para tranquilizar las aguas.
germanico	viejos  manipuladores  solo  le  interesa el  dinero.... la  fe   para  ellos  es  una  cosa  secundaria...........no  hay  duda....
Fabian sanchez espinosa	Sr. Periodista, es la Iglesia Metodista Pentecostal de Chile..no mezcle las Iglesias.
Erickson Arellano	LOS DIEZMOS son del SE√ëOR y no del hombre cualquiera sea este,si un hermano quisiera ayudar ,donar o dar una ofrenda especial a un pastor AMEN..Pero eso est√° sujeto a lo que cada miembro sienta de parte del se√±or los estatutos est√°n muy mal redactados en favor de los directorios y AUTORIDAD m√°xima ( CONFERFNCIA) esa es la autoridad no un OBISPO, obispo es el t√≠tulo EDPIRITUAL DE UN LIDER  DE VARIAS IGLESIAS.AQUI RN CHILE SE LES IDOLATRA MUCHO  ESO ES UN PECADO MUY PREVARICADO EN CHILE....DEBIERA CREARCE UN CONSRJO Y GRUPI DE REVISORES ESTATUTARIOS RRLIGIOSOS DE UN DEPARTAMENTO EVANG√âLICO, ADFMAS DE INSPFCTORES MINISTROS EVANGELICOS DEL GOBIERNO COMO PERTENECIENTES AL MINISTERIO DE JUSTICIA CON  ARISTAS DE INFORME Z LOS MINISTERIOS DE ECONIMIA Y A LA CONTRSLORIA.ESO ES TRANSPARENCIA Y EVITAMOS EL ENRIQUEDIMIENTO DE MUCHOS SEUDO PASTORES CAMIONETAS Y AUTOS DE 25 A 100MILLONES Y CASAS ESTRABAGANTES.....JESUCRISTO NO TENIA NI SIQUIERA DONDE RECOSTAR SU CABEZA Y AUN SIENDO DIOS NO SE ENVANECIO Y UDUFRUCTUO DE SU CALUDAD Y POCISION. JESUS DIOS RESUCITADO ES FIEL Y HUMILDE LA GLORIA SIEMPRE SERA PARA EL.
Carlos Barria Roldan	Aqui se cuestiona a el Pastor Duran, como Obispo de una Iglesia mas conocida y representativa, que queda para las otras Iglesias donde el pastor no es tan conocido,recibe diezmos, ofrendas y otros   ???? cerca de mi casa hicieron una gran casa,asesora del hogar, vehiculo con chofer...etc... siempre pense que el due√±o era un empresario de una pesquera de las muchas que hay en la zona, mi sorpresa fue cuando me dijeron....¬°¬°¬°¬°¬°¬°¬°¬°¬° ¬°no si es un pastor evangelico !!!!!!!!!!!........plop.....
leonel chacon	Arjona tenia razon.
Mariela Garcia	LE PREGUNTARON A JESUS SOBRE EL DIVOCIO Y EL LES CONTESTO SI ALGUIEN SE DIVORCIA QUEDECE SIN CASARCE XQ EL Q SE CASA CON UN DIVORCIADO.A.COMETE ADULTERIO SEA EVANGELICO O UOTRA RELIGION ASTA Q LA MUERTE LOS.SEPARE O SEPARECE Y QDESE SOLO.A. ESO ES LOQ DICE DIOS.
Carlos Richard	Cuando les conviene son las iglesias cuando quueren patotear con los n√∫meros entonces son una sola comunidad... los evang√©licos son la babel de la religion y a Dios deber√°n dar  cuenta de tanta confusi√≥n. JESUS  quer√≠a un solo reba√±o
Miriam Rojas	Dios no bajo colocarlo a el eso pasa por compadre no se ora elije  por lo amigo duele gente as√≠ sube cargos solo debieran subir personas id√≥neas  con amor obra as√© tiempo debi√≥ salir , nadie es intocable  eso  debieran tomar cartas asust√≥ junta oficiales  y pastores
David Alfonso Orellana Fuchs	¬øEste obispo no era del mismo grupo que llam√≥ a votar por la Alta Comisionada, a sabiendas de que el socialismo no respeta ni la vida, ni la propiedad privada ni las libertades de comercio, de expresi√≥n, de culto ni de conciencia?\
\
Olvidaron a todos los cristianos que durante la guerra fr√≠a, y tras la cortina de hierro sufrieron persecusi√≥n bajo las tiran√≠as de Ceacescu en Rumania, Tito en Yugoslavia, Honecker en la RDA y tantos otros pa√≠ses donde la √∫nica religi√≥n permitida era la del Estado. \
\
Divierte entonces, a la luz de la historia, ver como el progresismo y la izquierda atea festinan con este obispo que solo representa a UNA sola de las denominaciones evang√©licas. Mientras en Siria y otros lugares de Medio Oriente los islamistas radicales masacran cristianos a diestra y siniestra, los medios del establishment, como TVN y CNN, guardan silencio c√≥mplice. \
\
El obispo Dur√°n es otro lamentable t√≠tere de la √©lite y de la casta pol√≠tica, donde vemos que la izquierda y la pseudo-derecha son las dos alas de un mismo buitre. \
Solo queda esperar la reacci√≥n de la misma Mayor√≠a Silenciosa que par√≥ las intentonas totalitarias de la abortista Hillary Clinton en EEUU, y la corruptocracia de Lula da Silva en Brasil. \
\
As√≠ que sigan d√°ndole a los evang√©licos, que en las pr√≥ximas elecciones van a arrepentirse de haber intentado meter al Estado y su burocracia en las familias y en las conciencias de Chile. \
Que Dios tenga piedad de este pa√≠s y de esta civilizaci√≥n.
Jaime 777	NO EXISTE NINGIUN ANTECEDENTE NOTRIAL Y LEGAL EN FAVOR DE LOS EVANGELICOS YA QUE
Romina Riveros	Lo m√°s cruel es que muchos evang√©licos  dejan de comprar comida para dar el diezmo pensando que as√≠ los pecados ser√°n  absuelto eso es imposible DIOS NO LO ENGA√ëAN Y toda esa plata es para enriquecer  a estos  farsantes que enga√±an la buena fe de los feligreses  este mundo est√° perdido por culpa del hombre
violeta lagos	Ayuden a lis pobres tan religiosos y tanta corrupcion. cada uno en sus cada est√° dios
jorge perez varas	Encuentro bakan lo que hizo este pastor.
Truenoxx7	Estos hechos justifican al ateo y el alejamiento del hombre de la fe, cu√°l es el l√≠mite moral para esta gentuza, que ejemplo le dan a sus propios seguidores, sinverg√ºenzas aprovechadores, estafadores de la fe, lacras humanas, sin ning√∫n remordimiento, ni siquiera el m√°s m√≠nimo temor de un castigo divino, porque en el fondo no creen en Dios, utiliz√°n a Dios para lucrar y vivir una vida de excentricidades y lujos, fuera de toda l√≥gica pastoral, dejando una mala ense√±anza de la pudrici√≥n moral que rodea a estas organizaciones, lideradas por charlatanes y embaucadores de la fe.
germanico	TIENE  ENERGIA  EL  VIEJITO  LOLERO......COMO  NO  SI  NO  HA  TRABAJADO  NUNCA LOS  GILES  LE  COMPRAN  TODO......LA  CARNE  ES  DEBIL  CIERTO  TATITA........CON  LAS MONEAS  QUE  TIENE LE  ALCANZA  PARA  UNA CAJITA  DE  LAS  AZULES
rrigovin	iglesia metodista vente a costar
violeta lagos	Que sinverg√ºenza descarados cada templo esos que van a esos lugares pagan
luis palma	Aqu√≠ no hay persecuci√≥n personal sino una evidente falta de control legal o estatutario en lo referente a los ingresos monetarios de estas organizaciones sin fines de ¬ølucro? hay algunas denominaci√≥nes que obligan moralmente a sus integrantes para que entreguen una parte importante de su ingreso bruto lo que deber√≠a transparentarse....
Jorge iturra valdes	El doctor es un enfermo mas. Si fuera doctor sabr√≠a de enfermedades pero nada sabe. No sabe que aqu√≠ hay un Juicio Divino contra una Iglesia que se corrompi√≥ y vendi√≥ a los poderes pol√≠ticos.  Este doctor tambi√©n es un vendido para a la Izquierda y a la pol√≠tica de izquierda que le ha dado trabajo como \"asesor\" religioso a sueldo.
Luis Torres	Tambi√©n toda aquella generaci√≥n fue reunida a sus padres; y se levant√≥ otra generaci√≥n despu√©s de ellos que no conoc√≠a al Se√±or, ni la obra que El hab√≠a hecho por Israel. (Jueces 2:10). La actual generaci√≥n evang√©lica no conoce a Dios, la mayor√≠a son ecum√©nicos (dicho por sus propios obispos), s√≥lo saldr√° un peque√±o reba√±o de la actual generaci√≥n que espera fielmente al Se√±or...
Carlos Zamorano	Religion qlia el opio de las masas
Josemiguel Angel Farina Garcia Amengual	El diezmo era solo para los Judios,    y era para ayudar  al extranjero, al hu√©rfano y a la viuda;  Deuteronomio 26:12\
\
Cuando acabes de diezmar todo el diezmo de tus frutos en el a√±o tercero, el a√±o del diezmo, dar√°s tambi√©n al levita, al extranjero, al hu√©rfano y a la viuda; y comer√°n en tus aldeas, y se saciar√°n.
Carmen Leal	Este se√±or : Eduardo Duran es un sinverg√ºenza....Y mal  marido....El no es id√≥neo en su puesto y deber√° pagar ante la justicia de DIOS PADRE...(POBRE DE EL CUANDO VENGA EL JUCIO)
germanico	TODO ES UNA  PODREDUMBRE....DONDE  PUEDEN  SACAR  MAQUILA ...  NO  LO  DUDEN  AHI  ESTARAN
Cenelia Pelaez	Dijo el obispo gue hay gue sacar a Dios de emmedio gue per gue la biblia dise gue  el diacono debe ser marido de una sola mujer ireprensible  gue lleve  bien su casa,Dios saca lo escondido ala luz ,notisia publica muy interesante.
Tony Kruz	MAS QUE EXCELENTE EL SE√ëOR DR. SOCIOLOGO..les cerro la boca aquien quiere desde las camaras omitir una opinion siendo IGNORANTES,, la mayoria (EL VULGO) opinara sobre el tema y se sentiran due√±os de la justicia , la moral y la etica,,cuando de hablar se trata de una religion,,no comprenden nada, y en sus vidas tampoco hacen lo que predican...
estela sanhueza	Ley b√≠blica Timoteo 3 Tito 1 marido de una sola mujer no puede divorciarse no dado a cosas deshonestas la palabra es sagrada la l√°mpara del cuerpo Mateo 6:22 si tus ojos son sinceros todo tu cuerpo es luz si tus ojos no son sinceros todo tu cuerpo es oscuro tinieblas tenemos vista espiritual miremos a Duran sus ojos y sus guardias ? C√≥mo est√°n yo soy de una simple banca, pero respeto a mi Dios oremos por el mundo evang√©lico
Carlos Roberto Carre√±o Castillo	¬øAs√≠ que esa Iglesia es \"La Iglesia Evang√©lica\"? ¬øEn serio? ¬øC√≥mo caben ah√≠ en ese Templo de la calle Alameda un tercio de la Poblaci√≥n chilena? Porque esa es la cifra que maneja hace m√°s de 8 a√±os el Estado respecto al n√∫mero de personas que conforman la masa de Protestantes \"evang√©licos\" en todo Chile. De hecho, todos los candidatos apelan al \"voto evang√©lico\" por eso mismo. Pueden hacer ganar o perder a cualquiera. Y jam√°s han dicho que una sola persona los representa. De hecho, hay muchas agrupaciones de \"pastores\" en el Pa√≠s con las que deben entenderse las \"autoridades\". ¬øQuieren ocultar ello, y bajarles el perfil, para tratar de \"controlarlos\"? mmmmmmm Ma√±oso. Saludos
manuel caceres	duran No representa  a  todos los  evangelicos  los  evangelicos  Bautistas con mucho mas  historia que los pentecontales  se asercan mas a lo que dice la biblia que lo que dice  o adoctrina el hombre
ysaac wichmann	Acaso no saben todo lo que les cuesta a la gente de abajo ganarse el dinero ????  Esto es un insulto a esa misma gente , y sobretodo a aquellos que son creyentes evangelicos y aportan dinero o recursos a sus iglesias .
Maria Gonzalez	Un adultero no puede ser l√≠der de ninguna Iglesia. Enga√±ar a su esposa tantas de veces. Este caballero es un abusivo pero el Se√±or de encargar√° de el
Carlos	Situaci√≥n de la Iglesia evang√©lica ?   No pasa nada el evangelio todav√≠a se predica el que cayo fue el var√≥n duran ....
Miguel Martinez	Y porque no hablan del vaticano cuanta plata tienen de los cristianos
germanico	TAMBIEN  SE LE  PARA  AL PAPITO  MONO......LE  QUEDA  ENERGIA  TADAVIA...COMO  NUNCA  A  TRABAJADO...ENTONCES  SE  LE  ACUMULA  EL KINO...BIEN  SEGUIDO....GUENA  PAPITO  CHACOTERO...............EL  ILUMINADO.......ALIAS  PIN PON............
Carlo alfredo Riedel soto	Fue una sola persona la prensa que es colorienta
Mauricio Mejia	SATAN√ÅS TENIA TODO planeado....recuerden.q vivi√≥ en USA......jajajajajjaja alla empieza la MOVIDA...no aea ROBAR poniendo la palabra de DIOS.....y como en chile ..son re gueones y mas ENCIMA en ese TIEMPO q EL empez√≥....la GENTE era gueona y creyente...lo q HOY ..2019.....todos CORRUPTOS.....NADIE SE SALVA HASTA EL GATO ES CORRUPTO....ASI LLEGO CON EL.CUENTO HECHO ....ISO LA INGLESIA..Y COMO NADIEN EN CHILE TIENE CUENTA CORRIENTE EN ESE TIEMPO.!!!!!!!! Con cuea existia BANCO ESTADO con libreta de carton jajajajajaj y CUENTA CORRIENTE solo unos cuantos..en mayor√≠a MILLONARIOS...Y ESTE SATANAS TENIA CUENTA CORRIENTE....Y ALLI LE DEPOSITABAN EL .......DIESMO....PORQUE LOS Q VENIAN MAS ABAJO ..CON.CURA TENIAN CUENTA RUT..JAJANAJAJAJJAAJ ESA ES LA RAZON....ADEMAS TODA ESA GENTE ES POBRE ...QUIEN.IBA A TENER UNA CUENTA CORRIENTE PARA RABATIRLE A EL ....DICIENDO USA MI CUENTA..JAJAJAJAJA
Alejandra Nuevamente	Admiro al pueblo evang√©lico porque es comprometido con su fe, pero aborrezco a los que se aprovechan de ellos. Un pastor debe llevar una vida sobria,   y dar cuenta de todo,  ocupar los dineros en la iglesia y ministerio, en ayudar a  los m√°s pobres. Si no es as√≠, es un vulgar ladr√≥n y falso cristiano
Alfonso Geoffroy	En general las Iglesias evang√©licas o protestantes andan bien equivocadas de lo que la Bibl√≠a ense√±a...por algo Jes√∫s advirti√≥ de los falsos profetas ( Mateo 24 ) y Salid salid de Babilonia pueblo m√≠o ( Apocalipsis 17 )
Marco Bastias	Todo mal incluso cuando lo nombraron obispo, todos  estos pastores de su corporaci√≥n sab√≠an de estos enredos de falda y taparon asuman  las consecuencia   al nombrar obispo a un Lobo
Victor Otoman	El Holding espresarios de la fe. Esta en todo el pa√≠s.  Estos Dis que Pastores falsos y corruptos hay muchos. Se apreovechan de sus seguidores para llenarse sus bolsillos. Con la palabra de Dios y tergiversando el evangelio.
geno quilaleo	En Inglaterra los diezmos son taxables. De esa forma la iglesia se obliga a llevar control contable. Los pastores no fueron llamados a controlar el dinero de la iglesia. La obligacion del pastor es velar por sus ovejas apoyarles espiritualmente y predicar y preparar sus ense√±anzas de acuerdo a la voluntad de Dios. La iglesia debe tener un orden y evitar estas pr√°cticas y malos manejos. Es tiempo de ordenar todo esto
nebulosa trifida de sagitario	Es com√∫n ver a pastores de peque√±as iglesias , en pueblos peque√±os , hechados atr√°s en su 4√ó4 , con buenas casas , todos los hijos en la universodad , una buena vida , con otra casa en la playa o el campo , a veces ambos , pero a sus feligreses no les importa , porque son bendiciones merecidas , para su pensamiento , todo pagado con los diezmos , en su mayor√≠a provenientes de personas de clase media- baja , m√°s lo que les dan las congregaciones por cada feligr√©s ,  sin mencionar los esc√°ndalos sexuales a los que hacen vista gorda , por que ellos son salvos.Creo que su basura debajo de la alfombra recien est√° saliendo , lo del pastor Dur√°n es la punta de iceberg , pero todav√≠a los protestantes son en su mayor√≠a muy obedientes a su pastor , a√∫n los ven casi como la divinidad misma.
Maktubmaktub	LADR√ìN , roba la plata de la Naci√≥n, de sus feligreses , ac√° el Gobierno de Chile debe hacerse parte , vender las propiedades de este ladr√≥n , Risa me da la iglesia evang√©lica pentecostal , tropa de ignorantes , mas encima sosteniendo a esa mafia que en nombre de DS roba , malditos seran hasta su cuarta generaci√≥n
Miguel Martinez	Esto no es nada cash luna gasto 32 millones de dollares en una iglesia en guatemala mas tiene aviones y muchos mas maldonado etc
Nacho Gato	Se diga lo que se diga...para m√≠ todos los Pastores evang√©licos son iguales., todos cobran el diezmo de una u otra manera y si no pueden con el diezmo solicitan una Ofrenda Silenciosa., no quieren monedas y se las quedan igual y qui√©n hace una contralor√≠a a √©stos Pastores??? Total ellos dicen que Dios Todopoderoso les nombr√≥ Pastores
Nacho Gato	Se diga lo que se diga...para m√≠ todos los Pastores evang√©licos son iguales., todos cobran el diezmo de una u otra manera y si no pueden con el diezmo solicitan una Ofrenda Silenciosa., no quieren monedas y se las quedan igual y qui√©n hace una contralor√≠a a √©stos Pastores??? Total ellos dicen que Dios Todopoderoso les nombr√≥ Pastores
Rayenko	Gente estupidas que le dan dinero a las iglesias.
Maricel Vargas	La iglesia metodista pentecostal  es la que esta en el ojo del hurac√°n nada tiene que ver la iglesia evangelica ,que buena aclaracion .
germanico	QUE  ALGUIEN  RESPONDA...PORQUE  EL  NAZARENO  PREDICO  SIN  PEDIR  PLATA  A  CAMBIO...MERCADERES  DE  LA  FE........LADRONES  POR  TODOS  LADOS......
Ricardo Guerrero	BULLSHIT.........QUE IMPORTANCIA TIENE LA  AMANTE ! AQUI LO IMPORTANTE ES LA PLATA QUE SE ROBA DE LOS FIELES Y SE DA LA BUENA VIDA CON PLATA AJENA  Y TODOS ELLOS(PASTORES) ANDAN DETRAS DEL MONEY.QUE INOCENCIA DE LOS PERIODISTAS .HAY QUE TENER UN MBA PARA ENTENDER LAS CANTIDADES DE IGLESIAS EVANJELICAS QUE HAY Y LO PEOR TODAS TERMINAN EN LO MISMO
Luis Gonzalez	Este doctor debe revisarle la cabeza a los miembros de la iglesia como dar dinero si Dios no necesita nada  de nosotros solo fe y obediencia..levantan doctrinas con dos vers√≠culos .el diezmo en el principio fue por una necesidad justificada y luego para fundar el templo .pero ya no es necesario.tampoco pertenecer a una iglesia  si no fuera nadie no pasar√≠a esto .solo son ignorantes siguiendo serpientes.. estupidos
Javier Perez	Soy pastor cristiano .\
Uno de los cursos es √©tica pastoral ,\
No resivir diezmos ni nada , \
El ap√≥stol Pablo trabajaba haciendo tiendas ,. .\
\
- es solo en la metodista pentecostal pas√≥ esto , en especial en la catedral .\
\
- en la iglesia donde pertenezco los dineros son para hacer templos , y hacer misi√≥n en otros pa√≠ses .\
Y la hornamentacion del lugar.\
\
- el pastor dur√°n deber√≠a de pedir perd√≥n .\
\
- esto me averg√ºenza , \
\
- lo bueno q sali√≥ a la luz , as√≠ como los curas violadores , todo sale a la luz .
Helio Galvez	Evang√©licos son igual o peores que los cambios cat√≥licos o los cristianos coptos ... Porque son la escoria m√°s atrasada , ignorante y oscurantista de la humanidad !!!
Justo Pastor Santis Rubio	la mayoria de estos que se dicen obispos y pastores son falsos en los ultimos tiempos van a venir estos falsos yconfrontacionistas adulteros amadores del poder parasitos contradecidores desalmados aprovechadores que se creen mas que dios apocadores poseidos endemoniados sicopatas que hallan todo bueno corruptos y se creen que tienen toda la verdad narcicistas se escucharan a si mismos y no a los demas y seran peor que sodoma y gomorra y con ellos no se llegara a ningun acuerdo porque son necios duros de cabeza porfiados sin entendimiento y esos ya estan aqui oportunistas
Marina Castillo Figueroa	Ese dinero del obispo Dur√°n le pertenece a todos los hermanos de la iglesia donde se congregan en ese lugar por lo tanto ese dinero debe ser devuelto a ellos o comprar terrenos y construir casas para aquellos hermanos que no la tienen y que viven en pobreza o tambi√©n pagar viviendas de hermanos que han quedado sin trabajo y le puedan pagar su casa Esmas cuando nuevamente saquen a un pastor nuevo paguen un sueldo a los que trabajan en la obra y a los hermanos di√°conos tambi√©n que no tengan trabajo pero no que todo el dinero vaya a un solo hombre es m√°s ese dinero No tiene porqu√© ir a bomberos ni a otras instituciones ese dinero es de los hermanos evang√©lico por lo tanto ellos sabr√°n lo que van a hacer con ese dinero y debe ser para su propio pueblo porque es plata de ellos no de bomberos no de gobierno y este hombre debe renunciar porque no cumplen los requisitos b√≠blicos para estar adelante ense√±ando hace harto tiempo que la iglesia se dej√≥ de ser Santa
Fernando Maureira	Y la carita d hueon y era m√°s pillo este, ovispo o papa d la iglesia evang√©lica jaja como ser√°n los otros uf.\
Fariseos d Chile. Eso t paso por criticar a la gordi las vacas sagradas no se tocan a la mami y su mafia socialista, jam√°s ser√° vencida
Rodrigo fuenzalida toro	LA tierra es plana
charlie molina	GILES VAN Y LE DAN EL DIEZ POR CIENTO CADA UNO CUANTOS ESTUPIDOS VAN AHI  PARA ENRRIQUECER AL  MAS PILLO EL TIPO TIENE UN PATRIMONIO MILLONARIO TODO A SU NOMBRE Y  LOS GILES SIGUEN POBRES ASI SE ENGA√ëA A LA GENTE EN NOMBRE DE DIOS
ito melgar	No es la iglesia evang√©lica, es una misi√≥n evang√©lica que est√° con estos problemas.
Marcelo Reyes	DON EDUARDO USTED NO PUEDE SERVIR A DOS  AMOS , A DIOS  O  AL DINERO O SERA QUE NUNCA A LEIDO LA PALABRA ,  ( LUCAS 9 : 58  )  ( ISAIAS 56 : 9 - 11 ) EN APOCALIPSIS 22   MAS LOS PERROS ESTARAN FUERA , ( APOCALIPSIS 2 : 5 ) ESPERO QUE TOME CONCIENCIA PORQUE SOY UN SIERVO INUTIL, O SINO LO REPRENDERIA MAS DURO EN EL AMOR DE JESUCRISTO , COMO JESUS REPRENDIA A LOS IPOCRITAS  FARISEOS Y ESCRIBAS
Shamuhel Hibrahim	El Pastor dur√°n lo mejor que puede hacer es Renunciar al Directorio De la Iglesia y que que pida perd√≥n a Dios y p√∫blicas y mantener obviamente su Matrimonio  sin lugar al Divorcio que no es B√≠blico . \
\
Dios les bendiga .
3Marily	Buen an√°lisis de Humberto Lagos.  Existen m√°s de 3.200 iglesias evang√©licas en Chile y √©sta es una de ellas.  Pero puchas que ha hecho da√±o.  Este pastor Dur√°n deber√≠a renunciar pero si no lo hace la directiva de la iglesia deber√≠a expulsarlo.
jose marcelo olea morales	Y por qu√© al hogar de cristo, cada a√±o le dan miles de millones de pesos; y no les exigen cuentas, y son muy sinverg√ºenzas ( env√≠an el dinero al vaticano), y todos callados. Arreglan catedrales e iglesias cat√≥licas, ahora con los esc√°ndalos de abusos y perversiones, seguir√°n aportando con el dinero de todos los chilenos...?. Mejor que no le den a ninguna congregaci√≥n religiosa.
Augusto Alvarado	El quehacer espiritual, es a solas con Dios. Jes√∫s, en su ministerio, no fund√≥ ninguna iglesia ni religi√≥n, la √∫nica Iglesia fundada por Jes√∫s, fue la Iglesia Cristiana, sin apellidos, sin templos ( Jes√∫s jam√°s orden√≥ a sus seguidores construir templos, sin  horarios de atenci√≥n ni un dios encerrado entre cuatro paredes, sin l√≠deres espirituales , ni \"iluminados\" de ninguna especie. La iglesia cat√≥lica se origin√≥ en el siglo III, con Constantino ( antes solo exist√≠an grupos sin organizaci√≥n sin l√≠deres, como deb√≠a ser ) luego se separ√≥ de la ortodoxa en el 2do siglo y luego el sisma de Lutero, pero todas son lo mismo, su base es el poder, el inter√©s material. El verdadero cristiano, trabaja consigo mismo, perfeccion√°ndose, siendo ejemplo para los dem√°s, ense√±√°ndose a si mismo como hacer las cosas y no ense√±andole a los dem√°s c√≥mo comportarse. Todas las religiones solo tienen una funci√≥n social, compartir en amistad, ayudar a los necesitados, proteger a los ni√±os o ancianos y cosas como esas, pero NO un desarrollo espiritual. Lo olvidaba...ciertamente las iglesias pueden ser un peligro cuando lavan el cerebro a sus seguidores y provocan enormes da√±os, en el caso las sectas, como los testigos de jehov√° y  otras en contra de las cu√°les en pa√≠ses m√°s avanzados, ya se est√° legislando, hasta creando figuras delictivas en torno a su quehacer. Saludos.
Alan Salinas	No creo en dios por aprendido culturalmente. Pero en estos casos deseo que sea una verdad tacita la existencia de dios para juzgar y castigar a estos personajes evangelicos catolicos etc. Que lo unico que han hecho es demostrar que no creen en la existencia de dios. Y creo que ellos saben que la historia de dios es eso una historia un cuento de amor de odio y no hay mas. Esto lo sabia duran y todos los hombres que se han envestido de creyentes para llenarse los bolsillos ellos y su familia.ejemplo el hijo de este caligula basto con los votos de los mas huevones del planeta los feligreses. Para obtener un puesto en la camara de diputados. Ja.ja.ja. hasta cuando. Los corderos son corderos siguen al pastor no ven no piensan no analizan\
 El hombre si por mas humilde que sea su condicion piensa. Ve no sigue al pastor cuando este camina por los bordes del abismo. Y lo unico que escuchan estos pastores de feligreses es un BE.E.E.E.E. BE.E.E.E.E. LO unico que desean es el diezmo.
Marcos Kampy	El problema de la iglesia evang√©lica fue sacar la ley de Dios del Evangelio el problema no est√° en la ley sino en el hombre que comete pecado es por eso que las iglesias evang√©licas no pueden sancionar a estos hombres que abiertamente cometen pecado porque tienen una idea relativa en t√©rminos bien claro la iglesia evang√©lica no tiene un espejo donde mirarse s√≥lo Piensan en la gracia barata cada uno de estos pastores dice Bueno estamos bajo la gracia y no bajo la ley pero se equivocan pues la palabra de Dios bien claro diciendo que el pecado es violaci√≥n de la ley de Dios primera de Juan 3 4 cada pastor que comete pecado abiertamente debe ser expulsados inmediatamente y por lo dem√°s la iglesia debiera reformar d√°ndole solamente un sueldo al pastor y no que toque los diezmos pero no gasto m√°s palabras S√≥lo decir que la verdadera iglesia es aquella que guardan los mandamientos de Dios y tiene el testimonio de Jesucristo de acuerdo a Apocalipsis 12 17
guillermo osses	El problema es de la Iglesia Pentecostal, no de la Iglesia Evang√©lica....
Guisela Huaiquilao Huenchu√±ir	A la iglesia evang√©lica nos hace bien vivir este tipo de situaciones  Nos hace  reflexionar sobre como est√° nuestro coraz√≥n delante de Dios .Como dice la escritura \"Donde est√° nuestro tesoro all√≠  est√° nuestro coraz√≥n\" A pesar de todo, Cristo sigue  cambiando vidas
Moises Fernandez	Los Comunista y Bachele no perdonaron a la Iglesia por sacar a la Satanica de la Iglesia !!! Ahora los Fachos pobres votan por la derecha
margaret barros	Deberian decir iglesia pentecostal.porque no todos los evangelicos son pentecostales.
Judith Neira	La Biblia es la palabra de Dios y es espiritual por lo tanto no se puede discernir psicol√≥gicamente porque Dios no es un ser sicol√≥gico. Dios es ESPIRITU y llis verdaderos hijos de Dios nacido espiritualmente no cometen adulterio, robos, avaricias , fornicacion espiritual y Apistacia porque la simiente de Dios vive en sus corazones. Ese hombre se dej√≥ enga√±ar por el diablo a si como el diablo enga√±√≥ a Eva y sigue enga√±ando al mundo entero con sus religiones paganas,  hichiserias y todo tipo de maldad que se comete cada minuto debajo del cielo. El hombre carnal no puede discernir las cosas del espiritu porque han de discernir espiritualmente y por los carnales el Evangelio de Jesucristo es locura, pero para los creyentes se pider de Dios. Ese hombre se dej√≥ desviar del supremo llamamiento que Dios le hizo y se convirti√≥ en un hijo del diablo seg√∫n las escrituras. Si se arrepiente de todo coraz√≥n √âl  Se√±or lo perdonara   pero tiene que dejar absolutamente todo pecado. Si no ama a su esposa que se quede solo porque Dios no le permite a nadien volverse a casar sin antes quedar viudo. Esa es la verdad de Dios y sus mandamientos. Recuerden que solo Dios es JUEZ JUSTO.
juan Carlos Santiba√±ez	Y porque hablande TODO el mundo evang√©lico?? No ser√° mas bien una crisis de una sola congregaci√≥n
crispi1973	Que ignorancia m√°s grande, el se√±or Dur√°n era obispo de una corporaci√≥n Cristiana Evangelica, representa a esa congregaci√≥n y no a la iglesia de Cristo
Maria Teresa Pujadas Herrera	Tanto q critican que la idolatr√≠a de los cat√≥licas y donde dejan la idolatr√≠a al dinero?? La idolatr√≠a al wn del pastor?? Jajaja se pisaron la cola los hijos de Dios,los escogidos...que se creen con el derecho de llamar pecadores a todos los q no le compran sus mentiras.Se saben al rev√©s y al derecho la biblia y saben muy bien que pasajes de esta manipularlos a su antojo y conveniencia.
Cecilia Lastra	NO ES LA IGLESIA EVANGELICA LA QUE TIENE PROBLEMAS ES ESTE FAMOSO OBISPO Y LA IGLESIA QUE EL DIRIGE NO SON TODAS LAS IGLECIAS CRISTIANAS PORQUE LOS EVANGELICOS SON MUCHO Y LOS CRISTIANOS POCOS AUN.NO HAY QUE METER A TODOS EN EL MISMO SACO.
Gustavo Barrera q	Jajajaja un. Profesor en psicolog√≠a present√°ndo defensa por la verdad!\
Jajajajaja magna sandes
fabian lizana	Que lindo seria que estos medios investiguen a traves de traductores de la biblia ,expertos en el tema si el diezmo es biblico para el Nuevo Testamento o no y veran que nunca ha sido legal el diezmo ,la Reforma Protestante al igual que la institucion Catolica son las sectas mas peligrosas del mundo.
Luis Jackson	EL DIEZMO ES UN FRAUDE.
adrian	Hay que ser muy weon pa dar el 10% de tu sueldo a las iglesias, ni que fuera Unicef o alguna institucion seria
Carola Latorre	Tanto que critican a los cat√≥licos, al final del d√≠a, todas las religiones hacen lo mismo! Sinverg√ºenzas\
Los feligreses son los m√°s decepcionados
Jorge Ugarte pailamilla	lo peor era llamar por votar por pi√±era y obligar a la jente con que moral
Roberto Gandolfo	Yo creo que nadie que entra a Carabineros lo hace para robar, no creo que nadie que entra a una empresa a trabajar lo hace para robar y no creo que este Se√±or entr√≥ a la Iglesia para robar sino que vio la oportunidad, la codicia le gui√±√≥ el ojo as√≠ como la calentura y aprovech√≥ le gust√≥ y sigui√≥. Hoy la sociedad en general se corrompe muy f√°cil y si no tienes claro cu√°l es tu norte deja de hacer lo que estas haciendo as√≠ tu ni nadie saldr√° perjudicado.
Eric Mauricio Castillo Soto	Y les da con dictadura .... eduquense porfavor, fue un gobierno militar
Gaston Barria	Estos evang√©licos fueron los que insultaron a Michelle Bachellet, son unos hip√≥critas como los fariseos
Francisco Galvez	Bueno ...aqui un tema delicado...yo creo el diezmo es algo del antiguo testamento y que JESUS el cristo lo elimino.....\
Por tanto hoy es un abuso y robo usando la salvacion a un costo....ya basta no paguen diezmo.....igual DIOS nos abrazara y concedera esta gracia ....a travez del sacrificio de JRSUS EL CRISTO......\
se quemaran en el infierno todos estos ladrones corruptos de mierda........
Carlos Nava	La Iglesia evang√©lica nunca a estado en crisis, no generalicen, es solo un grupo religioso medi√°tico, dirigido por un Obispo medi√°tico,.
Luis Jackson	El dinero es la ra√≠z de todos los males. ¬øO no?
Miranda Ibanez	el obispo se come las ovejas de otro rebano ?
Juan Arriagada	Los Evang√©licos somos muchos ,este carajo es uno mas y Muy mal Evang√©lico .yo me guio por la biblia EZEQUIEL 34
sebastian cuevas	Si lis evangelicos son mas chanta siempre lo e dicho \
üòÉüòÉüòÉ
Meme Mira	Tres mil iglesias evangelicas cagandose a la gente.....NOTABLE....!!!!
David Pino Moraga	Mientras m√°s flaite, m√°s mediocre, m√°s vulgar, m√°s ordinario es un pa√≠s, como este pa√≠s rasca llamado Chile, es cuando m√°s necesita de iglesias mafiosas como la cat√≥lica y/o la evang√©lica de fachos pobres que elijen a las autoridades que los esquilman y los estafan. Pa√≠s culiao que ya no tiene vuelta, creyentes de mierdas retr√≥grados....!!!!
Jodaiz	Humberto Lagos, claramente un operador pol√≠tico de izquierda. No creo que algun evang√©lico convertido pueda ser de izquierda, a favor de ideolog√≠as de genero, aborto y todo lo que Dios odia.
alex macelo nicolas soto grandon	Porque dicen la iglesia evangelica? Si es la primera iglesia metodista pentecostal
Centinela	Que lata,los periodistas nunca entendieron la diferencia entre Evang√©licos, Testigos De Jehov√°, Adventistas, Mormones... y ahora est√°n en lo mismo...
Luis Jackson	No solo en la iglesias evang√©lica se cobra el diezmo, la Mormona la lleva sobre todas las dem√°s.
Jaime 777	UN SALUDO A TODAS LOS EVANGELICOS JEREMIA 17  V 5 Y 9  Y  VEA ISAIS 64 V  6 POR LO TANTO TODOS LOS PASTORES SON INOCENTES
Manu	Yo dir√≠a que todas las iglesias evang√©licas (las 3000 que se menciono) son la misma mierda,solo que con diferente olor.
Don Polo	Humberto Lagos...Socialista y Mason..
Martemedia	Pensar que este raja fr√≠a llamaba a votar por KAST, embaucando a ignorantes y faranduleros, √°vidos de discursos populistas y nacionalistas. Pobres mocosos ignorantes de 48 cuotas.
Mar√≠a Ver√≥nica Millapi Cea	Estos seudopastores son los mercenarios de la fe han pactado con la √©lite del poder para mantener al pueblo enajenado e ignorante
javiersotocf	No necesitamos a dios para ser buenas personas
Lyndon Rubiano	Cabe. Aclarar.  Que.  No todos los miembros. De las. Iglesias evang√©licas  diezman.  Solo.  En promedio  de un. 30%    esa es la verdad
Ricardo Henriquez	Iglesia evang√©lica......manga de ignorantes .INFORMENSE  ....LAS IGLESIAS EVANGELICAS SON MAS DE 4500
Ricardo Ignacio	Dios no existe d√©jense de webiar... tanto el dec√°logo y la historia de Jesucristo son plagios de la filosof√≠a occidental (√©tica de Arist√≥teles y dial√≥gos de Plat√≥n respectivamente)... Todo lo que la religi√≥n cristiana lo vende como doctrina metaf√≠sica, no es m√°s que doctrina moral, es decir, del c√≥mo se debe actuar. Como dijo Nietzsche: ''la religi√≥n se reduce a filosof√≠a para ignorantes''. Todo se agota aqu√≠, en la realidad mundana.
